{
  "RandomForest": {
    "accuracy": 0.9991420347614303,
    "precision": 0.0,
    "recall": 0.0,
    "f1": 0.0,
    "cohenkappa": 0.0,
    "auroc": 0.6418900021534565,
    "pauc": 0.1191210569876222
  },
  "RandomForest_val": {
    "accuracy": 0.9991420347614303,
    "precision": 0.0,
    "recall": 0.0,
    "f1": 0.0,
    "cohenkappa": 0.0,
    "auroc": 0.6418900021534565,
    "pauc": 0.1191210569876222
  },
  "LightGBM": {
    "accuracy": 0.8936123104173586,
    "precision": 0.0026089225150013043,
    "recall": 0.3225806451612903,
    "f1": 0.005175983436853002,
    "cohenkappa": 0.0034797425750738853,
    "auroc": 0.6083639895597566,
    "pauc": 0.11711826452658068
  },
  "LightGBM_val": {
    "accuracy": 0.8936123104173586,
    "precision": 0.0026089225150013043,
    "recall": 0.3225806451612903,
    "f1": 0.005175983436853002,
    "cohenkappa": 0.0034797425750738853,
    "auroc": 0.6083639895597566,
    "pauc": 0.11711826452658068
  },
  "XGBoost": {
    "accuracy": 0.9991420347614303,
    "precision": 0.0,
    "recall": 0.0,
    "f1": 0.0,
    "cohenkappa": 0.0,
    "auroc": 0.8640328969530823,
    "pauc": 0.1509205505581265
  },
  "XGBoost_val": {
    "accuracy": 0.9991420347614303,
    "precision": 0.0,
    "recall": 0.0,
    "f1": 0.0,
    "cohenkappa": 0.0,
    "auroc": 0.8640328969530823,
    "pauc": 0.1509205505581265
  },
  "CatBoost": {
    "accuracy": 0.9991420347614303,
    "precision": 0.0,
    "recall": 0.0,
    "f1": 0.0,
    "cohenkappa": 0.0,
    "auroc": 0.8080019229205517,
    "pauc": 0.1502357930692058
  },
  "CatBoost_val": {
    "accuracy": 0.9991420347614303,
    "precision": 0.0,
    "recall": 0.0,
    "f1": 0.0,
    "cohenkappa": 0.0,
    "auroc": 0.8080019229205517,
    "pauc": 0.1502357930692058
  }
}